{"cameraMode":{"drawMode":0,"name":"Shaded","section":"Shading Mode"},"sceneLighting":true,"audioPlay":false,"sceneViewState":{"showFog":true,"showMaterialUpdate":false,"showSkybox":true,"showFlares":true,"showImageEffects":true,"showParticleSystems":true},"in2DMode":false,"pivot":{"x":0.0626777857542038,"y":1.5748940706253052,"z":88.50851440429688},"rotation":{"x":-0.16102254390716554,"y":0.6614158153533936,"z":-0.1484748125076294,"w":-0.7173763513565064},"size":4.766025543212891,"orthographic":false}